{
  "project_info": {
    "project_number": "577685757035",
    "project_id": "buzzapp-691fa",
    "storage_bucket": "buzzapp-691fa.appspot.com"
  },
  "client": [
    {
      "client_info": {
        "mobilesdk_app_id": "1:577685757035:android:0b89a770182245687f252e",
        "android_client_info": {
          "package_name": "com.mycompany.buzzapp"
        }
      },
      "oauth_client": [],
      "api_key": [
        {
          "current_key": "AIzaSyBEjIBXFMP4rgFuIHPkGgtU-qi9UUSc2uo"
        }
      ],
      "services": {
        "appinvite_service": {
          "other_platform_oauth_client": []
        }
      }
    }
  ],
  "configuration_version": "1"
}